url,error
https://gazony.ru/product/derevya/cheryemukha/cheremukha_prunus_padus_krasnyy_shater_kom_setka_h_300_350/,HTTP Error 404: Not Found
https://gazony.ru/product/derevya/cheryemukha/cheremukha_shuberta_prunus_virginiana_shubert_kom_setka_h_300_350_/,HTTP Error 404: Not Found
https://gazony.ru/product/derevya/klyen/klen_ginnala_acer_ginnala_h_60_90_s2_3/,HTTP Error 404: Not Found
https://gazony.ru/product/derevya/vyaz/vyaz_melkolistnyy_ulmus_parvifolia_h_40_60_c5_7/,HTTP Error 404: Not Found
https://gazony.ru/product/derevya/yablonya_dekorativnaya/yablonya_dekorativnaya_makovetskogo_malus_makowieckiana_kom_setka_h_2_0_2_5/,HTTP Error 404: Not Found
https://gazony.ru/product/derevya/yablonya_dekorativnaya/yablonya_dekorativnaya_nedzvetskogo_malus_niedzwetzkyana_h_20_40_p9/,HTTP Error 404: Not Found
https://gazony.ru/product/derevya/yablonya_dekorativnaya/yablonya_dekorativnaya_nedzvetskogo_malus_niedzwetzkyana_kom_setka_h_2_0_2_5/,HTTP Error 404: Not Found
https://gazony.ru/product/derevya/yablonya_dekorativnaya/yablonya_dekorativnaya_prerifaer_malus_prairiefire_kom_setka_h_2_0_2_5/,HTTP Error 404: Not Found
https://gazony.ru/product/derevya/yablonya_dekorativnaya/yablonya_dekorativnaya_red_obelisk_malus_red_obelisk_kom_setka_h_2_0_2_5/,HTTP Error 404: Not Found
https://gazony.ru/product/khvoynye/el_kolyuchaya/azelit_sprey_antizhir_600_ml/,HTTP Error 404: Not Found
https://gazony.ru/product/khvoynye/el_kolyuchaya/el_kanadskaya_picea_glauca_daisy_s_white_s7_5_h_40_60/,HTTP Error 404: Not Found
https://gazony.ru/product/khvoynye/el_kolyuchaya/el_kanadskaya_picea_glauca_december_s3_h_40_50/,HTTP Error 404: Not Found
https://gazony.ru/product/khvoynye/el_kolyuchaya/el_kanadskaya_picea_glauca_december_s7_5_h_60_80/,HTTP Error 404: Not Found
https://gazony.ru/product/khvoynye/el_kolyuchaya/el_kanadskaya_picea_glauca_rainbow_s_end_c3_h_30_40/,HTTP Error 404: Not Found
https://gazony.ru/product/khvoynye/el_kolyuchaya/el_kanadskaya_picea_glauca_sander_s_blue_c3_h_40_50/,HTTP Error 404: Not Found
https://gazony.ru/product/khvoynye/el_kolyuchaya/el_obyknovennaya_picea_abies_little_gem_c7_5_h_30_40/,HTTP Error 404: Not Found
https://gazony.ru/product/khvoynye/el_kolyuchaya/el_obyknovennaya_picea_abies_nidiformis_c3_h_20_30/,HTTP Error 404: Not Found
https://gazony.ru/product/khvoynye/el_kolyuchaya/el_serbskaya_picea_omorika_karel_s7_5_h_40_50/,HTTP Error 404: Not Found
https://gazony.ru/product/khvoynye/mozhzhevelnik/mikrobiota_perekrestnoparnaya_microbiota_decussata_s3_h_20_30/,HTTP Error 404: Not Found
https://gazony.ru/product/khvoynye/mozhzhevelnik/mikrobiota_perekrestnoparnaya_microbiota_decussata_s7_5_h_40_50/,HTTP Error 404: Not Found
